date,weekday,lunar_month,lunar_day,year_pillar,month_pillar,day_pillar,officer,year_conflict,score,tone,holiday,lucky_count,unlucky_count
2026-02-17,Tuesday,1,1,Fire Horse,Metal Tiger,Water Dog,Success,Dragon,81,auspicious,Lunar New Year,20,2
2026-02-18,Wednesday,1,2,Fire Horse,Metal Tiger,Water Pig,Receive,Snake,66,favorable,,10,1
2026-02-19,Thursday,1,3,Fire Horse,Metal Tiger,Wood Rat,Open,Horse,79,favorable,,18,1
2026-02-20,Friday,1,4,Fire Horse,Metal Tiger,Wood Ox,Close,Sheep,21,cautionary,,3,20
2026-02-21,Saturday,1,5,Fire Horse,Metal Tiger,Fire Tiger,Establish,Monkey,71,favorable,Month sign meets day sign,15,3
2026-02-22,Sunday,1,6,Fire Horse,Metal Tiger,Fire Rabbit,Remove,Rooster,47,neutral,,7,9
2026-02-23,Monday,1,7,Fire Horse,Metal Tiger,Earth Dragon,Full,Dog,74,favorable,,14,0
2026-02-24,Tuesday,1,8,Fire Horse,Metal Tiger,Earth Snake,Balance,Pig,47,neutral,,0,2
2026-02-25,Wednesday,1,9,Fire Horse,Metal Tiger,Metal Horse,Stable,Rat,66,favorable,Year sign meets day sign,13,4
2026-02-26,Thursday,1,10,Fire Horse,Metal Tiger,Metal Sheep,Initiate,Ox,59,neutral,,6,1
2026-02-27,Friday,1,11,Fire Horse,Metal Tiger,Water Monkey,Break,Tiger,19,challenging,,4,22
2026-02-28,Saturday,1,12,Fire Horse,Metal Tiger,Water Rooster,Danger,Rabbit,17,challenging,,0,19
2026-03-01,Sunday,1,13,Fire Horse,Metal Tiger,Wood Dog,Success,Dragon,81,auspicious,,20,2
2026-03-02,Monday,1,14,Fire Horse,Metal Tiger,Wood Pig,Receive,Snake,66,favorable,,10,1
2026-03-03,Tuesday,1,15,Fire Horse,Metal Tiger,Fire Rat,Open,Horse,79,favorable,Lantern Festival,18,1
2026-03-04,Wednesday,1,16,Fire Horse,Metal Tiger,Fire Ox,Close,Sheep,21,cautionary,,3,20
2026-03-05,Thursday,1,17,Fire Horse,Metal Tiger,Earth Tiger,Establish,Monkey,71,favorable,Month sign meets day sign,15,3
2026-03-06,Friday,1,18,Fire Horse,Metal Tiger,Earth Rabbit,Remove,Rooster,47,neutral,,7,9
2026-03-07,Saturday,1,19,Fire Horse,Metal Tiger,Metal Dragon,Full,Dog,74,favorable,,14,0
2026-03-08,Sunday,1,20,Fire Horse,Metal Tiger,Metal Snake,Balance,Pig,47,neutral,,0,2
2026-03-09,Monday,1,21,Fire Horse,Metal Tiger,Water Horse,Stable,Rat,66,favorable,Year sign meets day sign,13,4
2026-03-10,Tuesday,1,22,Fire Horse,Metal Tiger,Water Sheep,Initiate,Ox,59,neutral,,6,1
2026-03-11,Wednesday,1,23,Fire Horse,Metal Tiger,Wood Monkey,Break,Tiger,19,challenging,,4,22
2026-03-12,Thursday,1,24,Fire Horse,Metal Tiger,Wood Rooster,Danger,Rabbit,17,challenging,,0,19
2026-03-13,Friday,1,25,Fire Horse,Metal Tiger,Fire Dog,Success,Dragon,81,auspicious,,20,2
2026-03-14,Saturday,1,26,Fire Horse,Metal Tiger,Fire Pig,Receive,Snake,66,favorable,,10,1
2026-03-15,Sunday,1,27,Fire Horse,Metal Tiger,Earth Rat,Open,Horse,79,favorable,,18,1
2026-03-16,Monday,1,28,Fire Horse,Metal Tiger,Earth Ox,Close,Sheep,21,cautionary,,3,20
2026-03-17,Tuesday,1,29,Fire Horse,Metal Tiger,Metal Tiger,Establish,Monkey,71,favorable,St. Patrick's Day. Month sign meets day sign,15,3
2026-03-18,Wednesday,1,30,Fire Horse,Metal Tiger,Metal Rabbit,Remove,Rooster,47,neutral,,7,9
2026-03-19,Thursday,2,1,Fire Horse,Metal Rabbit,Water Dragon,Remove,Dog,47,neutral,,7,9
2026-03-20,Friday,2,2,Fire Horse,Metal Rabbit,Water Snake,Full,Pig,74,favorable,Earth God's Birthday,14,0
2026-03-21,Saturday,2,3,Fire Horse,Metal Rabbit,Wood Horse,Balance,Rat,47,neutral,Year sign meets day sign,0,2
2026-03-22,Sunday,2,4,Fire Horse,Metal Rabbit,Wood Sheep,Stable,Ox,66,favorable,,13,4
2026-03-23,Monday,2,5,Fire Horse,Metal Rabbit,Fire Monkey,Initiate,Tiger,59,neutral,,6,1
2026-03-24,Tuesday,2,6,Fire Horse,Metal Rabbit,Fire Rooster,Break,Rabbit,19,challenging,,4,22
2026-03-25,Wednesday,2,7,Fire Horse,Metal Rabbit,Earth Dog,Danger,Dragon,17,challenging,,0,19
2026-03-26,Thursday,2,8,Fire Horse,Metal Rabbit,Earth Pig,Success,Snake,81,auspicious,,20,2
2026-03-27,Friday,2,9,Fire Horse,Metal Rabbit,Metal Rat,Receive,Horse,66,favorable,,10,1
2026-03-28,Saturday,2,10,Fire Horse,Metal Rabbit,Metal Ox,Open,Sheep,79,favorable,,18,1
2026-03-29,Sunday,2,11,Fire Horse,Metal Rabbit,Water Tiger,Close,Monkey,21,cautionary,,3,20
2026-03-30,Monday,2,12,Fire Horse,Metal Rabbit,Water Rabbit,Establish,Rooster,71,favorable,Month sign meets day sign,15,3
2026-03-31,Tuesday,2,13,Fire Horse,Metal Rabbit,Wood Dragon,Remove,Dog,47,neutral,,7,9
2026-04-01,Wednesday,2,14,Fire Horse,Metal Rabbit,Wood Snake,Full,Pig,74,favorable,,14,0
2026-04-02,Thursday,2,15,Fire Horse,Metal Rabbit,Fire Horse,Balance,Rat,47,neutral,Year sign meets day sign,0,2
2026-04-03,Friday,2,16,Fire Horse,Metal Rabbit,Fire Sheep,Stable,Ox,66,favorable,,13,4
2026-04-04,Saturday,2,17,Fire Horse,Metal Rabbit,Earth Monkey,Initiate,Tiger,59,neutral,,6,1
2026-04-05,Sunday,2,18,Fire Horse,Metal Rabbit,Earth Rooster,Break,Rabbit,19,challenging,,4,22
2026-04-06,Monday,2,19,Fire Horse,Metal Rabbit,Metal Dog,Danger,Dragon,17,challenging,,0,19
2026-04-07,Tuesday,2,20,Fire Horse,Metal Rabbit,Metal Pig,Success,Snake,81,auspicious,,20,2
2026-04-08,Wednesday,2,21,Fire Horse,Metal Rabbit,Water Rat,Receive,Horse,66,favorable,,10,1
2026-04-09,Thursday,2,22,Fire Horse,Metal Rabbit,Water Ox,Open,Sheep,79,favorable,,18,1
2026-04-10,Friday,2,23,Fire Horse,Metal Rabbit,Wood Tiger,Close,Monkey,21,cautionary,,3,20
2026-04-11,Saturday,2,24,Fire Horse,Metal Rabbit,Wood Rabbit,Establish,Rooster,71,favorable,Month sign meets day sign,15,3
2026-04-12,Sunday,2,25,Fire Horse,Metal Rabbit,Fire Dragon,Remove,Dog,47,neutral,,7,9
2026-04-13,Monday,2,26,Fire Horse,Metal Rabbit,Fire Snake,Full,Pig,74,favorable,,14,0
2026-04-14,Tuesday,2,27,Fire Horse,Metal Rabbit,Earth Horse,Balance,Rat,47,neutral,Year sign meets day sign,0,2
2026-04-15,Wednesday,2,28,Fire Horse,Metal Rabbit,Earth Sheep,Stable,Ox,66,favorable,,13,4
2026-04-16,Thursday,2,29,Fire Horse,Metal Rabbit,Metal Monkey,Initiate,Tiger,59,neutral,,6,1
2026-04-17,Friday,3,1,Fire Horse,Water Dragon,Metal Rooster,Initiate,Rabbit,59,neutral,,6,1
2026-04-18,Saturday,3,2,Fire Horse,Water Dragon,Water Dog,Break,Dragon,19,challenging,,4,22
2026-04-19,Sunday,3,3,Fire Horse,Water Dragon,Water Pig,Danger,Snake,17,challenging,Shangsi Festival,0,19
2026-04-20,Monday,3,4,Fire Horse,Water Dragon,Wood Rat,Success,Horse,81,auspicious,,20,2
2026-04-21,Tuesday,3,5,Fire Horse,Water Dragon,Wood Ox,Receive,Sheep,66,favorable,,10,1
2026-04-22,Wednesday,3,6,Fire Horse,Water Dragon,Fire Tiger,Open,Monkey,79,favorable,,18,1
2026-04-23,Thursday,3,7,Fire Horse,Water Dragon,Fire Rabbit,Close,Rooster,21,cautionary,,3,20
2026-04-24,Friday,3,8,Fire Horse,Water Dragon,Earth Dragon,Establish,Dog,71,favorable,Month sign meets day sign,15,3
2026-04-25,Saturday,3,9,Fire Horse,Water Dragon,Earth Snake,Remove,Pig,47,neutral,,7,9
2026-04-26,Sunday,3,10,Fire Horse,Water Dragon,Metal Horse,Full,Rat,74,favorable,Year sign meets day sign,14,0
2026-04-27,Monday,3,11,Fire Horse,Water Dragon,Metal Sheep,Balance,Ox,47,neutral,,0,2
2026-04-28,Tuesday,3,12,Fire Horse,Water Dragon,Water Monkey,Stable,Tiger,66,favorable,,13,4
2026-04-29,Wednesday,3,13,Fire Horse,Water Dragon,Water Rooster,Initiate,Rabbit,59,neutral,,6,1
2026-04-30,Thursday,3,14,Fire Horse,Water Dragon,Wood Dog,Break,Dragon,19,challenging,,4,22
2026-05-01,Friday,3,15,Fire Horse,Water Dragon,Wood Pig,Danger,Snake,17,challenging,,0,19
2026-05-02,Saturday,3,16,Fire Horse,Water Dragon,Fire Rat,Success,Horse,81,auspicious,,20,2
2026-05-03,Sunday,3,17,Fire Horse,Water Dragon,Fire Ox,Receive,Sheep,66,favorable,,10,1
2026-05-04,Monday,3,18,Fire Horse,Water Dragon,Earth Tiger,Open,Monkey,79,favorable,,18,1
2026-05-05,Tuesday,3,19,Fire Horse,Water Dragon,Earth Rabbit,Close,Rooster,21,cautionary,,3,20
2026-05-06,Wednesday,3,20,Fire Horse,Water Dragon,Metal Dragon,Establish,Dog,71,favorable,Month sign meets day sign,15,3
2026-05-07,Thursday,3,21,Fire Horse,Water Dragon,Metal Snake,Remove,Pig,47,neutral,,7,9
2026-05-08,Friday,3,22,Fire Horse,Water Dragon,Water Horse,Full,Rat,74,favorable,Year sign meets day sign,14,0
2026-05-09,Saturday,3,23,Fire Horse,Water Dragon,Water Sheep,Balance,Ox,47,neutral,,0,2
2026-05-10,Sunday,3,24,Fire Horse,Water Dragon,Wood Monkey,Stable,Tiger,66,favorable,,13,4
2026-05-11,Monday,3,25,Fire Horse,Water Dragon,Wood Rooster,Initiate,Rabbit,59,neutral,,6,1
2026-05-12,Tuesday,3,26,Fire Horse,Water Dragon,Fire Dog,Break,Dragon,19,challenging,,4,22
2026-05-13,Wednesday,3,27,Fire Horse,Water Dragon,Fire Pig,Danger,Snake,17,challenging,,0,19
2026-05-14,Thursday,3,28,Fire Horse,Water Dragon,Earth Rat,Success,Horse,81,auspicious,,20,2
2026-05-15,Friday,3,29,Fire Horse,Water Dragon,Earth Ox,Receive,Sheep,66,favorable,,10,1
2026-05-16,Saturday,3,30,Fire Horse,Water Dragon,Metal Tiger,Open,Monkey,79,favorable,,18,1
2026-05-17,Sunday,4,1,Fire Horse,Water Snake,Metal Rabbit,Open,Rooster,79,favorable,,18,1
2026-05-18,Monday,4,2,Fire Horse,Water Snake,Water Dragon,Close,Dog,21,cautionary,,3,20
2026-05-19,Tuesday,4,3,Fire Horse,Water Snake,Water Snake,Establish,Pig,71,favorable,Month sign meets day sign,15,3
2026-05-20,Wednesday,4,4,Fire Horse,Water Snake,Wood Horse,Remove,Rat,47,neutral,Year sign meets day sign,7,9
2026-05-21,Thursday,4,5,Fire Horse,Water Snake,Wood Sheep,Full,Ox,74,favorable,,14,0
2026-05-22,Friday,4,6,Fire Horse,Water Snake,Fire Monkey,Balance,Tiger,47,neutral,,0,2
2026-05-23,Saturday,4,7,Fire Horse,Water Snake,Fire Rooster,Stable,Rabbit,66,favorable,,13,4
2026-05-24,Sunday,4,8,Fire Horse,Water Snake,Earth Dog,Initiate,Dragon,59,neutral,Buddha's Birthday,6,1
2026-05-25,Monday,4,9,Fire Horse,Water Snake,Earth Pig,Break,Snake,19,challenging,,4,22
2026-05-26,Tuesday,4,10,Fire Horse,Water Snake,Metal Rat,Danger,Horse,17,challenging,,0,19
2026-05-27,Wednesday,4,11,Fire Horse,Water Snake,Metal Ox,Success,Sheep,81,auspicious,,20,2
2026-05-28,Thursday,4,12,Fire Horse,Water Snake,Water Tiger,Receive,Monkey,66,favorable,,10,1
2026-05-29,Friday,4,13,Fire Horse,Water Snake,Water Rabbit,Open,Rooster,79,favorable,,18,1
2026-05-30,Saturday,4,14,Fire Horse,Water Snake,Wood Dragon,Close,Dog,21,cautionary,,3,20
2026-05-31,Sunday,4,15,Fire Horse,Water Snake,Wood Snake,Establish,Pig,71,favorable,Month sign meets day sign,15,3
2026-06-01,Monday,4,16,Fire Horse,Water Snake,Fire Horse,Remove,Rat,47,neutral,Year sign meets day sign,7,9
2026-06-02,Tuesday,4,17,Fire Horse,Water Snake,Fire Sheep,Full,Ox,74,favorable,,14,0
2026-06-03,Wednesday,4,18,Fire Horse,Water Snake,Earth Monkey,Balance,Tiger,47,neutral,,0,2
2026-06-04,Thursday,4,19,Fire Horse,Water Snake,Earth Rooster,Stable,Rabbit,66,favorable,,13,4
2026-06-05,Friday,4,20,Fire Horse,Water Snake,Metal Dog,Initiate,Dragon,59,neutral,,6,1
2026-06-06,Saturday,4,21,Fire Horse,Water Snake,Metal Pig,Break,Snake,19,challenging,,4,22
2026-06-07,Sunday,4,22,Fire Horse,Water Snake,Water Rat,Danger,Horse,17,challenging,,0,19
2026-06-08,Monday,4,23,Fire Horse,Water Snake,Water Ox,Success,Sheep,81,auspicious,,20,2
2026-06-09,Tuesday,4,24,Fire Horse,Water Snake,Wood Tiger,Receive,Monkey,66,favorable,,10,1
2026-06-10,Wednesday,4,25,Fire Horse,Water Snake,Wood Rabbit,Open,Rooster,79,favorable,,18,1
2026-06-11,Thursday,4,26,Fire Horse,Water Snake,Fire Dragon,Close,Dog,21,cautionary,,3,20
2026-06-12,Friday,4,27,Fire Horse,Water Snake,Fire Snake,Establish,Pig,71,favorable,Month sign meets day sign,15,3
2026-06-13,Saturday,4,28,Fire Horse,Water Snake,Earth Horse,Remove,Rat,47,neutral,Year sign meets day sign,7,9
2026-06-14,Sunday,4,29,Fire Horse,Water Snake,Earth Sheep,Full,Ox,74,favorable,,14,0
2026-06-15,Monday,5,1,Fire Horse,Wood Horse,Metal Monkey,Full,Tiger,74,favorable,Year sign meets month sign,14,0
2026-06-16,Tuesday,5,2,Fire Horse,Wood Horse,Metal Rooster,Balance,Rabbit,47,neutral,Year sign meets month sign,0,2
2026-06-17,Wednesday,5,3,Fire Horse,Wood Horse,Water Dog,Stable,Dragon,66,favorable,Year sign meets month sign,13,4
2026-06-18,Thursday,5,4,Fire Horse,Wood Horse,Water Pig,Initiate,Snake,59,neutral,Year sign meets month sign,6,1
2026-06-19,Friday,5,5,Fire Horse,Wood Horse,Wood Rat,Break,Horse,19,challenging,Dragon Boat Festival. Year sign meets month sign,4,22
2026-06-20,Saturday,5,6,Fire Horse,Wood Horse,Wood Ox,Danger,Sheep,17,challenging,Year sign meets month sign,0,19
2026-06-21,Sunday,5,7,Fire Horse,Wood Horse,Fire Tiger,Success,Monkey,81,auspicious,Year sign meets month sign,20,2
2026-06-22,Monday,5,8,Fire Horse,Wood Horse,Fire Rabbit,Receive,Rooster,66,favorable,Year sign meets month sign,10,1
2026-06-23,Tuesday,5,9,Fire Horse,Wood Horse,Earth Dragon,Open,Dog,79,favorable,Year sign meets month sign,18,1
2026-06-24,Wednesday,5,10,Fire Horse,Wood Horse,Earth Snake,Close,Pig,21,cautionary,Year sign meets month sign,3,20
2026-06-25,Thursday,5,11,Fire Horse,Wood Horse,Metal Horse,Establish,Rat,71,favorable,Triple alignment (rare),15,3
2026-06-26,Friday,5,12,Fire Horse,Wood Horse,Metal Sheep,Remove,Ox,47,neutral,Year sign meets month sign,7,9
2026-06-27,Saturday,5,13,Fire Horse,Wood Horse,Water Monkey,Full,Tiger,74,favorable,Year sign meets month sign,14,0
2026-06-28,Sunday,5,14,Fire Horse,Wood Horse,Water Rooster,Balance,Rabbit,47,neutral,Year sign meets month sign,0,2
2026-06-29,Monday,5,15,Fire Horse,Wood Horse,Wood Dog,Stable,Dragon,66,favorable,Year sign meets month sign,13,4
2026-06-30,Tuesday,5,16,Fire Horse,Wood Horse,Wood Pig,Initiate,Snake,59,neutral,Year sign meets month sign,6,1
2026-07-01,Wednesday,5,17,Fire Horse,Wood Horse,Fire Rat,Break,Horse,19,challenging,Year sign meets month sign,4,22
2026-07-02,Thursday,5,18,Fire Horse,Wood Horse,Fire Ox,Danger,Sheep,17,challenging,Year sign meets month sign,0,19
2026-07-03,Friday,5,19,Fire Horse,Wood Horse,Earth Tiger,Success,Monkey,81,auspicious,Year sign meets month sign,20,2
2026-07-04,Saturday,5,20,Fire Horse,Wood Horse,Earth Rabbit,Receive,Rooster,66,favorable,Independence Day (US). Year sign meets month sign,10,1
2026-07-05,Sunday,5,21,Fire Horse,Wood Horse,Metal Dragon,Open,Dog,79,favorable,Year sign meets month sign,18,1
2026-07-06,Monday,5,22,Fire Horse,Wood Horse,Metal Snake,Close,Pig,21,cautionary,Year sign meets month sign,3,20
2026-07-07,Tuesday,5,23,Fire Horse,Wood Horse,Water Horse,Establish,Rat,71,favorable,Triple alignment (rare),15,3
2026-07-08,Wednesday,5,24,Fire Horse,Wood Horse,Water Sheep,Remove,Ox,47,neutral,Year sign meets month sign,7,9
2026-07-09,Thursday,5,25,Fire Horse,Wood Horse,Wood Monkey,Full,Tiger,74,favorable,Year sign meets month sign,14,0
2026-07-10,Friday,5,26,Fire Horse,Wood Horse,Wood Rooster,Balance,Rabbit,47,neutral,Year sign meets month sign,0,2
2026-07-11,Saturday,5,27,Fire Horse,Wood Horse,Fire Dog,Stable,Dragon,66,favorable,Year sign meets month sign,13,4
2026-07-12,Sunday,5,28,Fire Horse,Wood Horse,Fire Pig,Initiate,Snake,59,neutral,Year sign meets month sign,6,1
2026-07-13,Monday,5,29,Fire Horse,Wood Horse,Earth Rat,Break,Horse,19,challenging,Year sign meets month sign,4,22
2026-07-14,Tuesday,6,1,Fire Horse,Wood Sheep,Earth Ox,Break,Sheep,19,challenging,,4,22
2026-07-15,Wednesday,6,2,Fire Horse,Wood Sheep,Metal Tiger,Danger,Monkey,17,challenging,,0,19
2026-07-16,Thursday,6,3,Fire Horse,Wood Sheep,Metal Rabbit,Success,Rooster,81,auspicious,,20,2
2026-07-17,Friday,6,4,Fire Horse,Wood Sheep,Water Dragon,Receive,Dog,66,favorable,,10,1
2026-07-18,Saturday,6,5,Fire Horse,Wood Sheep,Water Snake,Open,Pig,79,favorable,,18,1
2026-07-19,Sunday,6,6,Fire Horse,Wood Sheep,Wood Horse,Close,Rat,21,cautionary,Year sign meets day sign,3,20
2026-07-20,Monday,6,7,Fire Horse,Wood Sheep,Wood Sheep,Establish,Ox,71,favorable,Month sign meets day sign,15,3
2026-07-21,Tuesday,6,8,Fire Horse,Wood Sheep,Fire Monkey,Remove,Tiger,47,neutral,,7,9
2026-07-22,Wednesday,6,9,Fire Horse,Wood Sheep,Fire Rooster,Full,Rabbit,74,favorable,,14,0
2026-07-23,Thursday,6,10,Fire Horse,Wood Sheep,Earth Dog,Balance,Dragon,47,neutral,,0,2
2026-07-24,Friday,6,11,Fire Horse,Wood Sheep,Earth Pig,Stable,Snake,66,favorable,,13,4
2026-07-25,Saturday,6,12,Fire Horse,Wood Sheep,Metal Rat,Initiate,Horse,59,neutral,,6,1
2026-07-26,Sunday,6,13,Fire Horse,Wood Sheep,Metal Ox,Break,Sheep,19,challenging,,4,22
2026-07-27,Monday,6,14,Fire Horse,Wood Sheep,Water Tiger,Danger,Monkey,17,challenging,,0,19
2026-07-28,Tuesday,6,15,Fire Horse,Wood Sheep,Water Rabbit,Success,Rooster,81,auspicious,,20,2
2026-07-29,Wednesday,6,16,Fire Horse,Wood Sheep,Wood Dragon,Receive,Dog,66,favorable,,10,1
2026-07-30,Thursday,6,17,Fire Horse,Wood Sheep,Wood Snake,Open,Pig,79,favorable,,18,1
2026-07-31,Friday,6,18,Fire Horse,Wood Sheep,Fire Horse,Close,Rat,21,cautionary,Year sign meets day sign,3,20
2026-08-01,Saturday,6,19,Fire Horse,Wood Sheep,Fire Sheep,Establish,Ox,71,favorable,Month sign meets day sign,15,3
2026-08-02,Sunday,6,20,Fire Horse,Wood Sheep,Earth Monkey,Remove,Tiger,47,neutral,,7,9
2026-08-03,Monday,6,21,Fire Horse,Wood Sheep,Earth Rooster,Full,Rabbit,74,favorable,,14,0
2026-08-04,Tuesday,6,22,Fire Horse,Wood Sheep,Metal Dog,Balance,Dragon,47,neutral,,0,2
2026-08-05,Wednesday,6,23,Fire Horse,Wood Sheep,Metal Pig,Stable,Snake,66,favorable,,13,4
2026-08-06,Thursday,6,24,Fire Horse,Wood Sheep,Water Rat,Initiate,Horse,59,neutral,,6,1
2026-08-07,Friday,6,25,Fire Horse,Wood Sheep,Water Ox,Break,Sheep,19,challenging,,4,22
2026-08-08,Saturday,6,26,Fire Horse,Wood Sheep,Wood Tiger,Danger,Monkey,17,challenging,,0,19
2026-08-09,Sunday,6,27,Fire Horse,Wood Sheep,Wood Rabbit,Success,Rooster,81,auspicious,,20,2
2026-08-10,Monday,6,28,Fire Horse,Wood Sheep,Fire Dragon,Receive,Dog,66,favorable,,10,1
2026-08-11,Tuesday,6,29,Fire Horse,Wood Sheep,Fire Snake,Open,Pig,79,favorable,,18,1
2026-08-12,Wednesday,6,30,Fire Horse,Wood Sheep,Earth Horse,Close,Rat,21,cautionary,Year sign meets day sign,3,20
2026-08-13,Thursday,7,1,Fire Horse,Fire Monkey,Earth Sheep,Close,Ox,21,cautionary,,3,20
2026-08-14,Friday,7,2,Fire Horse,Fire Monkey,Metal Monkey,Establish,Tiger,71,favorable,Month sign meets day sign,15,3
2026-08-15,Saturday,7,3,Fire Horse,Fire Monkey,Metal Rooster,Remove,Rabbit,47,neutral,,7,9
2026-08-16,Sunday,7,4,Fire Horse,Fire Monkey,Water Dog,Full,Dragon,74,favorable,,14,0
2026-08-17,Monday,7,5,Fire Horse,Fire Monkey,Water Pig,Balance,Snake,47,neutral,,0,2
2026-08-18,Tuesday,7,6,Fire Horse,Fire Monkey,Wood Rat,Stable,Horse,66,favorable,,13,4
2026-08-19,Wednesday,7,7,Fire Horse,Fire Monkey,Wood Ox,Initiate,Sheep,59,neutral,Qixi (Chinese Valentine's),6,1
2026-08-20,Thursday,7,8,Fire Horse,Fire Monkey,Fire Tiger,Break,Monkey,19,challenging,,4,22
2026-08-21,Friday,7,9,Fire Horse,Fire Monkey,Fire Rabbit,Danger,Rooster,17,challenging,,0,19
2026-08-22,Saturday,7,10,Fire Horse,Fire Monkey,Earth Dragon,Success,Dog,81,auspicious,,20,2
2026-08-23,Sunday,7,11,Fire Horse,Fire Monkey,Earth Snake,Receive,Pig,66,favorable,,10,1
2026-08-24,Monday,7,12,Fire Horse,Fire Monkey,Metal Horse,Open,Rat,79,favorable,Year sign meets day sign,18,1
2026-08-25,Tuesday,7,13,Fire Horse,Fire Monkey,Metal Sheep,Close,Ox,21,cautionary,,3,20
2026-08-26,Wednesday,7,14,Fire Horse,Fire Monkey,Water Monkey,Establish,Tiger,71,favorable,Month sign meets day sign,15,3
2026-08-27,Thursday,7,15,Fire Horse,Fire Monkey,Water Rooster,Remove,Rabbit,47,neutral,Ghost Festival,7,9
2026-08-28,Friday,7,16,Fire Horse,Fire Monkey,Wood Dog,Full,Dragon,74,favorable,,14,0
2026-08-29,Saturday,7,17,Fire Horse,Fire Monkey,Wood Pig,Balance,Snake,47,neutral,,0,2
2026-08-30,Sunday,7,18,Fire Horse,Fire Monkey,Fire Rat,Stable,Horse,66,favorable,,13,4
2026-08-31,Monday,7,19,Fire Horse,Fire Monkey,Fire Ox,Initiate,Sheep,59,neutral,,6,1
2026-09-01,Tuesday,7,20,Fire Horse,Fire Monkey,Earth Tiger,Break,Monkey,19,challenging,,4,22
2026-09-02,Wednesday,7,21,Fire Horse,Fire Monkey,Earth Rabbit,Danger,Rooster,17,challenging,,0,19
2026-09-03,Thursday,7,22,Fire Horse,Fire Monkey,Metal Dragon,Success,Dog,81,auspicious,,20,2
2026-09-04,Friday,7,23,Fire Horse,Fire Monkey,Metal Snake,Receive,Pig,66,favorable,,10,1
2026-09-05,Saturday,7,24,Fire Horse,Fire Monkey,Water Horse,Open,Rat,79,favorable,Year sign meets day sign,18,1
2026-09-06,Sunday,7,25,Fire Horse,Fire Monkey,Water Sheep,Close,Ox,21,cautionary,,3,20
2026-09-07,Monday,7,26,Fire Horse,Fire Monkey,Wood Monkey,Establish,Tiger,71,favorable,Month sign meets day sign,15,3
2026-09-08,Tuesday,7,27,Fire Horse,Fire Monkey,Wood Rooster,Remove,Rabbit,47,neutral,,7,9
2026-09-09,Wednesday,7,28,Fire Horse,Fire Monkey,Fire Dog,Full,Dragon,74,favorable,,14,0
2026-09-10,Thursday,7,29,Fire Horse,Fire Monkey,Fire Pig,Balance,Snake,47,neutral,,0,2
2026-09-11,Friday,8,1,Fire Horse,Fire Rooster,Earth Rat,Balance,Horse,47,neutral,,0,2
2026-09-12,Saturday,8,2,Fire Horse,Fire Rooster,Earth Ox,Stable,Sheep,66,favorable,,13,4
2026-09-13,Sunday,8,3,Fire Horse,Fire Rooster,Metal Tiger,Initiate,Monkey,59,neutral,,6,1
2026-09-14,Monday,8,4,Fire Horse,Fire Rooster,Metal Rabbit,Break,Rooster,19,challenging,,4,22
2026-09-15,Tuesday,8,5,Fire Horse,Fire Rooster,Water Dragon,Danger,Dog,17,challenging,,0,19
2026-09-16,Wednesday,8,6,Fire Horse,Fire Rooster,Water Snake,Success,Pig,81,auspicious,,20,2
2026-09-17,Thursday,8,7,Fire Horse,Fire Rooster,Wood Horse,Receive,Rat,66,favorable,Year sign meets day sign,10,1
2026-09-18,Friday,8,8,Fire Horse,Fire Rooster,Wood Sheep,Open,Ox,79,favorable,,18,1
2026-09-19,Saturday,8,9,Fire Horse,Fire Rooster,Fire Monkey,Close,Tiger,21,cautionary,,3,20
2026-09-20,Sunday,8,10,Fire Horse,Fire Rooster,Fire Rooster,Establish,Rabbit,71,favorable,Month sign meets day sign,15,3
2026-09-21,Monday,8,11,Fire Horse,Fire Rooster,Earth Dog,Remove,Dragon,47,neutral,,7,9
2026-09-22,Tuesday,8,12,Fire Horse,Fire Rooster,Earth Pig,Full,Snake,74,favorable,,14,0
2026-09-23,Wednesday,8,13,Fire Horse,Fire Rooster,Metal Rat,Balance,Horse,47,neutral,,0,2
2026-09-24,Thursday,8,14,Fire Horse,Fire Rooster,Metal Ox,Stable,Sheep,66,favorable,,13,4
2026-09-25,Friday,8,15,Fire Horse,Fire Rooster,Water Tiger,Initiate,Monkey,59,neutral,Mid-Autumn Festival,6,1
2026-09-26,Saturday,8,16,Fire Horse,Fire Rooster,Water Rabbit,Break,Rooster,19,challenging,,4,22
2026-09-27,Sunday,8,17,Fire Horse,Fire Rooster,Wood Dragon,Danger,Dog,17,challenging,,0,19
2026-09-28,Monday,8,18,Fire Horse,Fire Rooster,Wood Snake,Success,Pig,81,auspicious,,20,2
2026-09-29,Tuesday,8,19,Fire Horse,Fire Rooster,Fire Horse,Receive,Rat,66,favorable,Year sign meets day sign,10,1
2026-09-30,Wednesday,8,20,Fire Horse,Fire Rooster,Fire Sheep,Open,Ox,79,favorable,,18,1
2026-10-01,Thursday,8,21,Fire Horse,Fire Rooster,Earth Monkey,Close,Tiger,21,cautionary,,3,20
2026-10-02,Friday,8,22,Fire Horse,Fire Rooster,Earth Rooster,Establish,Rabbit,71,favorable,Month sign meets day sign,15,3
2026-10-03,Saturday,8,23,Fire Horse,Fire Rooster,Metal Dog,Remove,Dragon,47,neutral,,7,9
2026-10-04,Sunday,8,24,Fire Horse,Fire Rooster,Metal Pig,Full,Snake,74,favorable,,14,0
2026-10-05,Monday,8,25,Fire Horse,Fire Rooster,Water Rat,Balance,Horse,47,neutral,,0,2
2026-10-06,Tuesday,8,26,Fire Horse,Fire Rooster,Water Ox,Stable,Sheep,66,favorable,,13,4
2026-10-07,Wednesday,8,27,Fire Horse,Fire Rooster,Wood Tiger,Initiate,Monkey,59,neutral,,6,1
2026-10-08,Thursday,8,28,Fire Horse,Fire Rooster,Wood Rabbit,Break,Rooster,19,challenging,,4,22
2026-10-09,Friday,8,29,Fire Horse,Fire Rooster,Fire Dragon,Danger,Dog,17,challenging,,0,19
2026-10-10,Saturday,8,30,Fire Horse,Fire Rooster,Fire Snake,Success,Pig,81,auspicious,,20,2
2026-10-11,Sunday,9,1,Fire Horse,Earth Dog,Earth Horse,Success,Rat,81,auspicious,Year sign meets day sign,20,2
2026-10-12,Monday,9,2,Fire Horse,Earth Dog,Earth Sheep,Receive,Ox,66,favorable,,10,1
2026-10-13,Tuesday,9,3,Fire Horse,Earth Dog,Metal Monkey,Open,Tiger,79,favorable,,18,1
2026-10-14,Wednesday,9,4,Fire Horse,Earth Dog,Metal Rooster,Close,Rabbit,21,cautionary,,3,20
2026-10-15,Thursday,9,5,Fire Horse,Earth Dog,Water Dog,Establish,Dragon,71,favorable,Month sign meets day sign,15,3
2026-10-16,Friday,9,6,Fire Horse,Earth Dog,Water Pig,Remove,Snake,47,neutral,,7,9
2026-10-17,Saturday,9,7,Fire Horse,Earth Dog,Wood Rat,Full,Horse,74,favorable,,14,0
2026-10-18,Sunday,9,8,Fire Horse,Earth Dog,Wood Ox,Balance,Sheep,47,neutral,,0,2
2026-10-19,Monday,9,9,Fire Horse,Earth Dog,Fire Tiger,Stable,Monkey,66,favorable,Double Ninth Festival,13,4
2026-10-20,Tuesday,9,10,Fire Horse,Earth Dog,Fire Rabbit,Initiate,Rooster,59,neutral,,6,1
2026-10-21,Wednesday,9,11,Fire Horse,Earth Dog,Earth Dragon,Break,Dog,19,challenging,,4,22
2026-10-22,Thursday,9,12,Fire Horse,Earth Dog,Earth Snake,Danger,Pig,17,challenging,,0,19
2026-10-23,Friday,9,13,Fire Horse,Earth Dog,Metal Horse,Success,Rat,81,auspicious,Year sign meets day sign,20,2
2026-10-24,Saturday,9,14,Fire Horse,Earth Dog,Metal Sheep,Receive,Ox,66,favorable,,10,1
2026-10-25,Sunday,9,15,Fire Horse,Earth Dog,Water Monkey,Open,Tiger,79,favorable,,18,1
2026-10-26,Monday,9,16,Fire Horse,Earth Dog,Water Rooster,Close,Rabbit,21,cautionary,,3,20
2026-10-27,Tuesday,9,17,Fire Horse,Earth Dog,Wood Dog,Establish,Dragon,71,favorable,Month sign meets day sign,15,3
2026-10-28,Wednesday,9,18,Fire Horse,Earth Dog,Wood Pig,Remove,Snake,47,neutral,,7,9
2026-10-29,Thursday,9,19,Fire Horse,Earth Dog,Fire Rat,Full,Horse,74,favorable,,14,0
2026-10-30,Friday,9,20,Fire Horse,Earth Dog,Fire Ox,Balance,Sheep,47,neutral,,0,2
2026-10-31,Saturday,9,21,Fire Horse,Earth Dog,Earth Tiger,Stable,Monkey,66,favorable,Halloween,13,4
2026-11-01,Sunday,9,22,Fire Horse,Earth Dog,Earth Rabbit,Initiate,Rooster,59,neutral,,6,1
2026-11-02,Monday,9,23,Fire Horse,Earth Dog,Metal Dragon,Break,Dog,19,challenging,,4,22
2026-11-03,Tuesday,9,24,Fire Horse,Earth Dog,Metal Snake,Danger,Pig,17,challenging,,0,19
2026-11-04,Wednesday,9,25,Fire Horse,Earth Dog,Water Horse,Success,Rat,81,auspicious,Year sign meets day sign,20,2
2026-11-05,Thursday,9,26,Fire Horse,Earth Dog,Water Sheep,Receive,Ox,66,favorable,,10,1
2026-11-06,Friday,9,27,Fire Horse,Earth Dog,Wood Monkey,Open,Tiger,79,favorable,,18,1
2026-11-07,Saturday,9,28,Fire Horse,Earth Dog,Wood Rooster,Close,Rabbit,21,cautionary,,3,20
2026-11-08,Sunday,9,29,Fire Horse,Earth Dog,Fire Dog,Establish,Dragon,71,favorable,Month sign meets day sign,15,3
2026-11-09,Monday,10,1,Fire Horse,Earth Pig,Fire Pig,Establish,Snake,71,favorable,Month sign meets day sign,15,3
2026-11-10,Tuesday,10,2,Fire Horse,Earth Pig,Earth Rat,Remove,Horse,47,neutral,,7,9
2026-11-11,Wednesday,10,3,Fire Horse,Earth Pig,Earth Ox,Full,Sheep,74,favorable,,14,0
2026-11-12,Thursday,10,4,Fire Horse,Earth Pig,Metal Tiger,Balance,Monkey,47,neutral,,0,2
2026-11-13,Friday,10,5,Fire Horse,Earth Pig,Metal Rabbit,Stable,Rooster,66,favorable,,13,4
2026-11-14,Saturday,10,6,Fire Horse,Earth Pig,Water Dragon,Initiate,Dog,59,neutral,,6,1
2026-11-15,Sunday,10,7,Fire Horse,Earth Pig,Water Snake,Break,Pig,19,challenging,,4,22
2026-11-16,Monday,10,8,Fire Horse,Earth Pig,Wood Horse,Danger,Rat,17,challenging,Year sign meets day sign,0,19
2026-11-17,Tuesday,10,9,Fire Horse,Earth Pig,Wood Sheep,Success,Ox,81,auspicious,,20,2
2026-11-18,Wednesday,10,10,Fire Horse,Earth Pig,Fire Monkey,Receive,Tiger,66,favorable,,10,1
2026-11-19,Thursday,10,11,Fire Horse,Earth Pig,Fire Rooster,Open,Rabbit,79,favorable,,18,1
2026-11-20,Friday,10,12,Fire Horse,Earth Pig,Earth Dog,Close,Dragon,21,cautionary,,3,20
2026-11-21,Saturday,10,13,Fire Horse,Earth Pig,Earth Pig,Establish,Snake,71,favorable,Month sign meets day sign,15,3
2026-11-22,Sunday,10,14,Fire Horse,Earth Pig,Metal Rat,Remove,Horse,47,neutral,,7,9
2026-11-23,Monday,10,15,Fire Horse,Earth Pig,Metal Ox,Full,Sheep,74,favorable,,14,0
2026-11-24,Tuesday,10,16,Fire Horse,Earth Pig,Water Tiger,Balance,Monkey,47,neutral,,0,2
2026-11-25,Wednesday,10,17,Fire Horse,Earth Pig,Water Rabbit,Stable,Rooster,66,favorable,,13,4
2026-11-26,Thursday,10,18,Fire Horse,Earth Pig,Wood Dragon,Initiate,Dog,59,neutral,,6,1
2026-11-27,Friday,10,19,Fire Horse,Earth Pig,Wood Snake,Break,Pig,19,challenging,,4,22
2026-11-28,Saturday,10,20,Fire Horse,Earth Pig,Fire Horse,Danger,Rat,17,challenging,Year sign meets day sign,0,19
2026-11-29,Sunday,10,21,Fire Horse,Earth Pig,Fire Sheep,Success,Ox,81,auspicious,,20,2
2026-11-30,Monday,10,22,Fire Horse,Earth Pig,Earth Monkey,Receive,Tiger,66,favorable,,10,1
2026-12-01,Tuesday,10,23,Fire Horse,Earth Pig,Earth Rooster,Open,Rabbit,79,favorable,,18,1
2026-12-02,Wednesday,10,24,Fire Horse,Earth Pig,Metal Dog,Close,Dragon,21,cautionary,,3,20
2026-12-03,Thursday,10,25,Fire Horse,Earth Pig,Metal Pig,Establish,Snake,71,favorable,Month sign meets day sign,15,3
2026-12-04,Friday,10,26,Fire Horse,Earth Pig,Water Rat,Remove,Horse,47,neutral,,7,9
2026-12-05,Saturday,10,27,Fire Horse,Earth Pig,Water Ox,Full,Sheep,74,favorable,,14,0
2026-12-06,Sunday,10,28,Fire Horse,Earth Pig,Wood Tiger,Balance,Monkey,47,neutral,,0,2
2026-12-07,Monday,10,29,Fire Horse,Earth Pig,Wood Rabbit,Stable,Rooster,66,favorable,,13,4
2026-12-08,Tuesday,10,30,Fire Horse,Earth Pig,Fire Dragon,Initiate,Dog,59,neutral,,6,1
2026-12-09,Wednesday,11,1,Fire Horse,Metal Rat,Fire Snake,Initiate,Pig,59,neutral,,6,1
2026-12-10,Thursday,11,2,Fire Horse,Metal Rat,Earth Horse,Break,Rat,19,challenging,Year sign meets day sign,4,22
2026-12-11,Friday,11,3,Fire Horse,Metal Rat,Earth Sheep,Danger,Ox,17,challenging,,0,19
2026-12-12,Saturday,11,4,Fire Horse,Metal Rat,Metal Monkey,Success,Tiger,81,auspicious,,20,2
2026-12-13,Sunday,11,5,Fire Horse,Metal Rat,Metal Rooster,Receive,Rabbit,66,favorable,,10,1
2026-12-14,Monday,11,6,Fire Horse,Metal Rat,Water Dog,Open,Dragon,79,favorable,,18,1
2026-12-15,Tuesday,11,7,Fire Horse,Metal Rat,Water Pig,Close,Snake,21,cautionary,,3,20
2026-12-16,Wednesday,11,8,Fire Horse,Metal Rat,Wood Rat,Establish,Horse,71,favorable,Month sign meets day sign,15,3
2026-12-17,Thursday,11,9,Fire Horse,Metal Rat,Wood Ox,Remove,Sheep,47,neutral,,7,9
2026-12-18,Friday,11,10,Fire Horse,Metal Rat,Fire Tiger,Full,Monkey,74,favorable,,14,0
2026-12-19,Saturday,11,11,Fire Horse,Metal Rat,Fire Rabbit,Balance,Rooster,47,neutral,,0,2
2026-12-20,Sunday,11,12,Fire Horse,Metal Rat,Earth Dragon,Stable,Dog,66,favorable,,13,4
2026-12-21,Monday,11,13,Fire Horse,Metal Rat,Earth Snake,Initiate,Pig,59,neutral,,6,1
2026-12-22,Tuesday,11,14,Fire Horse,Metal Rat,Metal Horse,Break,Rat,19,challenging,Year sign meets day sign,4,22
2026-12-23,Wednesday,11,15,Fire Horse,Metal Rat,Metal Sheep,Danger,Ox,17,challenging,,0,19
2026-12-24,Thursday,11,16,Fire Horse,Metal Rat,Water Monkey,Success,Tiger,81,auspicious,Christmas Eve,20,2
2026-12-25,Friday,11,17,Fire Horse,Metal Rat,Water Rooster,Receive,Rabbit,66,favorable,Christmas Day,10,1
2026-12-26,Saturday,11,18,Fire Horse,Metal Rat,Wood Dog,Open,Dragon,79,favorable,,18,1
2026-12-27,Sunday,11,19,Fire Horse,Metal Rat,Wood Pig,Close,Snake,21,cautionary,,3,20
2026-12-28,Monday,11,20,Fire Horse,Metal Rat,Fire Rat,Establish,Horse,71,favorable,Month sign meets day sign,15,3
2026-12-29,Tuesday,11,21,Fire Horse,Metal Rat,Fire Ox,Remove,Sheep,47,neutral,,7,9
2026-12-30,Wednesday,11,22,Fire Horse,Metal Rat,Earth Tiger,Full,Monkey,74,favorable,,14,0
2026-12-31,Thursday,11,23,Fire Horse,Metal Rat,Earth Rabbit,Balance,Rooster,47,neutral,New Year's Eve,0,2
2027-01-01,Friday,11,24,Fire Horse,Metal Rat,Metal Dragon,Stable,Dog,66,favorable,New Year's Day,13,4
2027-01-02,Saturday,11,25,Fire Horse,Metal Rat,Metal Snake,Initiate,Pig,59,neutral,,6,1
2027-01-03,Sunday,11,26,Fire Horse,Metal Rat,Water Horse,Break,Rat,19,challenging,Year sign meets day sign,4,22
2027-01-04,Monday,11,27,Fire Horse,Metal Rat,Water Sheep,Danger,Ox,17,challenging,,0,19
2027-01-05,Tuesday,11,28,Fire Horse,Metal Rat,Wood Monkey,Success,Tiger,81,auspicious,,20,2
2027-01-06,Wednesday,11,29,Fire Horse,Metal Rat,Wood Rooster,Receive,Rabbit,66,favorable,,10,1
2027-01-07,Thursday,11,30,Fire Horse,Metal Rat,Fire Dog,Open,Dragon,79,favorable,,18,1
2027-01-08,Friday,12,1,Fire Horse,Metal Ox,Fire Pig,Open,Snake,79,favorable,,18,1
2027-01-09,Saturday,12,2,Fire Horse,Metal Ox,Earth Rat,Close,Horse,21,cautionary,,3,20
2027-01-10,Sunday,12,3,Fire Horse,Metal Ox,Earth Ox,Establish,Sheep,71,favorable,Month sign meets day sign,15,3
2027-01-11,Monday,12,4,Fire Horse,Metal Ox,Metal Tiger,Remove,Monkey,47,neutral,,7,9
2027-01-12,Tuesday,12,5,Fire Horse,Metal Ox,Metal Rabbit,Full,Rooster,74,favorable,,14,0
2027-01-13,Wednesday,12,6,Fire Horse,Metal Ox,Water Dragon,Balance,Dog,47,neutral,,0,2
2027-01-14,Thursday,12,7,Fire Horse,Metal Ox,Water Snake,Stable,Pig,66,favorable,,13,4
2027-01-15,Friday,12,8,Fire Horse,Metal Ox,Wood Horse,Initiate,Rat,59,neutral,Laba Festival. Year sign meets day sign,6,1
2027-01-16,Saturday,12,9,Fire Horse,Metal Ox,Wood Sheep,Break,Ox,19,challenging,,4,22
2027-01-17,Sunday,12,10,Fire Horse,Metal Ox,Fire Monkey,Danger,Tiger,17,challenging,,0,19
2027-01-18,Monday,12,11,Fire Horse,Metal Ox,Fire Rooster,Success,Rabbit,81,auspicious,,20,2
2027-01-19,Tuesday,12,12,Fire Horse,Metal Ox,Earth Dog,Receive,Dragon,66,favorable,,10,1
2027-01-20,Wednesday,12,13,Fire Horse,Metal Ox,Earth Pig,Open,Snake,79,favorable,,18,1
2027-01-21,Thursday,12,14,Fire Horse,Metal Ox,Metal Rat,Close,Horse,21,cautionary,,3,20
2027-01-22,Friday,12,15,Fire Horse,Metal Ox,Metal Ox,Establish,Sheep,71,favorable,Month sign meets day sign,15,3
2027-01-23,Saturday,12,16,Fire Horse,Metal Ox,Water Tiger,Remove,Monkey,47,neutral,,7,9
2027-01-24,Sunday,12,17,Fire Horse,Metal Ox,Water Rabbit,Full,Rooster,74,favorable,,14,0
2027-01-25,Monday,12,18,Fire Horse,Metal Ox,Wood Dragon,Balance,Dog,47,neutral,,0,2
2027-01-26,Tuesday,12,19,Fire Horse,Metal Ox,Wood Snake,Stable,Pig,66,favorable,,13,4
2027-01-27,Wednesday,12,20,Fire Horse,Metal Ox,Fire Horse,Initiate,Rat,59,neutral,Year sign meets day sign,6,1
2027-01-28,Thursday,12,21,Fire Horse,Metal Ox,Fire Sheep,Break,Ox,19,challenging,,4,22
2027-01-29,Friday,12,22,Fire Horse,Metal Ox,Earth Monkey,Danger,Tiger,17,challenging,,0,19
2027-01-30,Saturday,12,23,Fire Horse,Metal Ox,Earth Rooster,Success,Rabbit,81,auspicious,Kitchen God Day,20,2
2027-01-31,Sunday,12,24,Fire Horse,Metal Ox,Metal Dog,Receive,Dragon,66,favorable,,10,1
2027-02-01,Monday,12,25,Fire Horse,Metal Ox,Metal Pig,Open,Snake,79,favorable,,18,1
2027-02-02,Tuesday,12,26,Fire Horse,Metal Ox,Water Rat,Close,Horse,21,cautionary,,3,20
2027-02-03,Wednesday,12,27,Fire Horse,Metal Ox,Water Ox,Establish,Sheep,71,favorable,Month sign meets day sign,15,3
2027-02-04,Thursday,12,28,Fire Horse,Metal Ox,Wood Tiger,Remove,Monkey,47,neutral,,7,9
2027-02-05,Friday,12,29,Fire Horse,Metal Ox,Wood Rabbit,Full,Rooster,74,favorable,,14,0
